-- phpMyAdmin SQL Dump
-- version 4.3.11
-- http://www.phpmyadmin.net
--
-- Host: 127.0.0.1
-- Generation Time: 13 Jun 2018 pada 04.20
-- Versi Server: 5.6.24
-- PHP Version: 5.6.8

SET SQL_MODE = "NO_AUTO_VALUE_ON_ZERO";
SET time_zone = "+00:00";


/*!40101 SET @OLD_CHARACTER_SET_CLIENT=@@CHARACTER_SET_CLIENT */;
/*!40101 SET @OLD_CHARACTER_SET_RESULTS=@@CHARACTER_SET_RESULTS */;
/*!40101 SET @OLD_COLLATION_CONNECTION=@@COLLATION_CONNECTION */;
/*!40101 SET NAMES utf8 */;

--
-- Database: `peramalan`
--

-- --------------------------------------------------------

--
-- Struktur dari tabel `tb_mobil`
--

CREATE TABLE IF NOT EXISTS `tb_mobil` (
  `id_mobil` int(11) NOT NULL,
  `unit` varchar(30) NOT NULL,
  `jenis_tipe` varchar(12) NOT NULL,
  `warna` varchar(30) NOT NULL,
  `tahun_pembuatan` year(4) NOT NULL,
  `bahan_bakar` varchar(12) NOT NULL,
  `harga` int(15) NOT NULL
) ENGINE=InnoDB AUTO_INCREMENT=16 DEFAULT CHARSET=latin1;

--
-- Dumping data untuk tabel `tb_mobil`
--

INSERT INTO `tb_mobil` (`id_mobil`, `unit`, `jenis_tipe`, `warna`, `tahun_pembuatan`, `bahan_bakar`, `harga`) VALUES
(1, 'Verios', 'Rx12', 'Blue', 2017, 'Bensin', 180000000),
(2, 'Verios', 'Rx12', 'Blue', 2017, 'Bensin', 180000000),
(3, 'Verios', 'Rx12', 'Blue', 2017, 'Bensin', 180000000),
(4, 'Verios', 'Rx12', 'Blue', 2017, 'Bensin', 23000000),
(5, 'Verios', 'Rx12', 'Blue', 2017, 'Bensin', 180000000),
(6, 'Verios', '32dw2', 'Black', 2017, 'Solar', 180000000),
(7, 'Verios', '32dw2', 'Black', 2017, 'Solar', 180000000),
(8, 'Verios', '32dw2', 'Black', 2017, 'Solar', 180000000),
(9, 'Verios', '32dw2', 'Black', 2017, 'Solar', 180000000),
(10, 'Verios', '32dw2', 'Black', 2017, 'Solar', 180000000),
(11, 'Verios', '32dw2', 'Black', 2017, 'Solar', 180000000),
(12, 'Verios', '32dw2', 'Black', 2017, 'Solar', 180000000),
(13, 'Verios', '32dw2', 'Black', 2017, 'Solar', 180000000),
(14, 'Verios', '32dw2', 'Black', 2017, 'Solar', 180000000),
(15, 'Xenia', '6trtr6', 'Cream', 2017, 'Solar', 180000000);

-- --------------------------------------------------------

--
-- Struktur dari tabel `tb_pelanggan`
--

CREATE TABLE IF NOT EXISTS `tb_pelanggan` (
  `id_pelanggan` int(11) NOT NULL,
  `nama` varchar(120) NOT NULL,
  `no_ktp` int(12) NOT NULL,
  `alamat_tinggal` varchar(150) NOT NULL,
  `no_telepon` varchar(12) NOT NULL,
  `pekerjaan` varchar(20) NOT NULL,
  `pendapatan` int(12) NOT NULL
) ENGINE=InnoDB AUTO_INCREMENT=7 DEFAULT CHARSET=latin1;

--
-- Dumping data untuk tabel `tb_pelanggan`
--

INSERT INTO `tb_pelanggan` (`id_pelanggan`, `nama`, `no_ktp`, `alamat_tinggal`, `no_telepon`, `pekerjaan`, `pendapatan`) VALUES
(1, 'Mahmud', 456565674, 'ALTER TABLE tb_pelanggan AUTO_INCREMENT=0', '089887788', 'Karyawan', 4540000),
(4, 'Mahmud', 324333, 'Palembang', '089887788', 'Karyawan', 4540000),
(5, 'rezi', 54544694, 'ALTER TABLE tb_pelanggan AUTO_INCREMENT=0', '13540239', 'Karyawan', 4540000),
(6, 'Abdul kadir', 2147483647, 'Palembang', '082372729986', 'Karyawan', 40000000);

-- --------------------------------------------------------

--
-- Struktur dari tabel `tb_pemesanan`
--

CREATE TABLE IF NOT EXISTS `tb_pemesanan` (
  `id_pemesanan` int(11) NOT NULL,
  `id_pelanggan` int(11) NOT NULL,
  `id_mobil` int(11) NOT NULL,
  `tanggal_pemesanan` date NOT NULL,
  `jenis_pemesanan` varchar(7) NOT NULL,
  `estimasi` int(14) NOT NULL,
  `verifikasi` int(2) NOT NULL
) ENGINE=InnoDB AUTO_INCREMENT=9 DEFAULT CHARSET=latin1;

--
-- Dumping data untuk tabel `tb_pemesanan`
--

INSERT INTO `tb_pemesanan` (`id_pemesanan`, `id_pelanggan`, `id_mobil`, `tanggal_pemesanan`, `jenis_pemesanan`, `estimasi`, `verifikasi`) VALUES
(1, 1, 1, '2018-05-26', 'Credit', 180000000, 1),
(4, 4, 15, '2018-06-05', 'Credit', 180000000, 1),
(5, 5, 6, '2018-05-26', 'Cash', 180000000, 1),
(6, 1, 2, '2018-05-26', 'Credit', 180000000, 0),
(7, 6, 3, '2018-05-26', 'Credit', 180000000, 1),
(8, 1, 4, '2018-05-26', 'Credit', 23000000, 1);

-- --------------------------------------------------------

--
-- Struktur dari tabel `tb_penjualan`
--

CREATE TABLE IF NOT EXISTS `tb_penjualan` (
  `id_penjualan` int(11) NOT NULL,
  `id_pemesanan` int(11) NOT NULL,
  `id_mobil` int(11) NOT NULL,
  `tgl_penjualan` date NOT NULL,
  `total_harga` int(15) NOT NULL
) ENGINE=InnoDB AUTO_INCREMENT=511 DEFAULT CHARSET=latin1;

--
-- Dumping data untuk tabel `tb_penjualan`
--

INSERT INTO `tb_penjualan` (`id_penjualan`, `id_pemesanan`, `id_mobil`, `tgl_penjualan`, `total_harga`) VALUES
(1, 1, 1, '2012-01-02', 21320000),
(2, 2, 2, '2012-01-03', 198000000),
(3, 3, 3, '2012-01-04', 21320000),
(4, 4, 4, '2012-01-05', 198000000),
(5, 5, 5, '2012-01-06', 198000000),
(6, 6, 6, '2012-01-07', 233336000),
(7, 7, 7, '2012-01-08', 268672000),
(8, 8, 8, '2012-01-09', 304008000),
(9, 9, 9, '2012-01-10', 339344000),
(10, 10, 10, '2012-01-11', 374680000),
(11, 11, 11, '2012-01-12', 410016000),
(12, 12, 12, '2012-01-13', 445352000),
(13, 13, 13, '2012-01-14', 480688000),
(14, 14, 14, '2012-01-15', 516024000),
(15, 15, 15, '2012-01-16', 551360000),
(16, 16, 16, '2012-01-17', 586696000),
(17, 17, 17, '2012-01-18', 622032000),
(18, 18, 18, '2012-01-19', 657368000),
(19, 19, 19, '2012-01-20', 692704000),
(20, 20, 20, '2012-01-21', 728040000),
(21, 21, 21, '2012-01-22', 763376000),
(22, 22, 22, '2012-01-23', 798712000),
(23, 23, 23, '2012-01-24', 834048000),
(24, 24, 24, '2012-01-25', 869384000),
(25, 25, 25, '2012-01-26', 904720000),
(26, 26, 26, '2012-01-27', 940056000),
(27, 27, 27, '2012-01-28', 975392000),
(28, 28, 28, '2012-04-23', 1010728000),
(29, 29, 29, '2012-04-24', 1046064000),
(30, 30, 30, '2012-04-25', 1081400000),
(31, 31, 31, '2012-04-26', 1116736000),
(32, 32, 32, '2012-04-27', 1152072000),
(33, 33, 33, '2012-04-28', 1187408000),
(34, 34, 34, '2012-04-29', 1222744000),
(35, 35, 35, '2012-04-30', 1258080000),
(36, 36, 36, '2012-05-01', 1293416000),
(37, 37, 37, '2012-05-02', 1328752000),
(38, 38, 38, '2012-05-03', 1364088000),
(39, 39, 39, '2012-05-04', 1399424000),
(40, 40, 40, '2012-05-05', 1434760000),
(41, 41, 41, '2012-05-06', 1470096000),
(42, 42, 42, '2012-05-07', 1505432000),
(43, 43, 43, '2012-05-08', 1540768000),
(44, 44, 44, '2012-05-09', 1576104000),
(45, 45, 45, '2012-05-10', 1611440000),
(46, 46, 46, '2012-08-11', 1646776000),
(47, 47, 47, '2012-08-12', 1682112000),
(48, 48, 48, '2012-08-13', 1717448000),
(49, 49, 49, '2012-08-14', 1752784000),
(50, 50, 50, '2012-08-15', 1788120000),
(51, 51, 51, '2012-08-16', 1823456000),
(52, 52, 52, '2012-08-17', 1858792000),
(53, 53, 53, '2012-08-18', 1894128000),
(54, 54, 54, '2012-08-19', 1929464000),
(55, 55, 55, '2012-08-20', 1964800000),
(56, 56, 56, '2012-08-21', 2000136000),
(57, 57, 57, '2012-08-22', 2035472000),
(58, 58, 58, '2012-08-23', 2070808000),
(59, 59, 59, '2012-08-24', 2106144000),
(60, 60, 60, '2012-08-25', 2141480000),
(61, 61, 61, '2012-08-26', 2147483647),
(62, 62, 62, '2012-08-27', 2147483647),
(63, 63, 63, '2012-08-28', 2147483647),
(64, 64, 64, '2012-08-29', 2147483647),
(65, 65, 65, '2012-08-30', 2147483647),
(66, 66, 66, '2012-08-31', 2147483647),
(67, 67, 67, '2012-09-01', 2147483647),
(68, 68, 68, '2012-09-02', 2147483647),
(69, 69, 69, '2012-09-03', 2147483647),
(70, 70, 70, '2012-09-04', 2147483647),
(71, 71, 71, '2012-10-05', 2147483647),
(72, 72, 72, '2012-10-06', 2147483647),
(73, 73, 73, '2012-10-07', 2147483647),
(74, 74, 74, '2012-10-08', 2147483647),
(75, 75, 75, '2012-10-09', 2147483647),
(76, 76, 76, '2012-10-10', 2147483647),
(77, 77, 77, '2012-10-11', 2147483647),
(78, 78, 78, '2012-10-12', 2147483647),
(79, 79, 79, '2012-10-13', 2147483647),
(80, 80, 80, '2012-10-14', 2147483647),
(81, 81, 81, '2012-10-15', 2147483647),
(82, 82, 82, '2012-10-16', 2147483647),
(83, 83, 83, '2012-10-17', 2147483647),
(84, 84, 84, '2012-10-18', 2147483647),
(85, 85, 85, '2012-10-19', 2147483647),
(86, 86, 86, '2012-10-20', 2147483647),
(87, 87, 87, '2012-10-21', 2147483647),
(88, 88, 88, '2013-01-03', 2147483647),
(89, 89, 89, '2013-01-04', 2147483647),
(90, 90, 90, '2013-01-05', 2147483647),
(91, 91, 91, '2013-01-06', 2147483647),
(92, 92, 92, '2013-01-07', 2147483647),
(93, 93, 93, '2013-01-08', 2147483647),
(94, 94, 94, '2013-01-09', 2147483647),
(95, 95, 95, '2013-01-10', 2147483647),
(96, 96, 96, '2013-01-11', 2147483647),
(97, 97, 97, '2013-01-12', 2147483647),
(98, 98, 98, '2013-01-13', 2147483647),
(99, 99, 99, '2013-01-14', 2147483647),
(100, 100, 100, '2013-01-15', 2147483647),
(101, 101, 101, '2013-01-16', 2147483647),
(102, 102, 102, '2013-01-17', 2147483647),
(103, 103, 103, '2013-01-18', 2147483647),
(104, 104, 104, '2013-01-19', 2147483647),
(105, 105, 105, '2013-01-20', 2147483647),
(106, 106, 106, '2013-01-21', 2147483647),
(107, 107, 107, '2013-01-22', 2147483647),
(108, 108, 108, '2013-01-23', 2147483647),
(109, 109, 109, '2013-01-24', 2147483647),
(110, 110, 110, '2013-01-25', 2147483647),
(111, 111, 111, '2013-04-05', 2147483647),
(112, 112, 112, '2013-04-06', 2147483647),
(113, 113, 113, '2013-04-07', 2147483647),
(114, 114, 114, '2013-04-08', 2147483647),
(115, 115, 115, '2013-04-09', 2147483647),
(116, 116, 116, '2013-04-10', 2147483647),
(117, 117, 117, '2013-04-11', 2147483647),
(118, 118, 118, '2013-04-12', 2147483647),
(119, 119, 119, '2013-04-13', 2147483647),
(120, 120, 120, '2013-04-14', 2147483647),
(121, 121, 121, '2013-04-15', 2147483647),
(122, 122, 122, '2013-04-16', 2147483647),
(123, 123, 123, '2013-04-17', 2147483647),
(124, 124, 124, '2013-04-18', 2147483647),
(125, 125, 125, '2013-04-19', 2147483647),
(126, 126, 126, '2013-04-20', 2147483647),
(127, 127, 127, '2013-04-21', 2147483647),
(128, 128, 128, '2013-07-21', 2147483647),
(129, 129, 129, '2013-07-22', 2147483647),
(130, 130, 130, '2013-07-23', 2147483647),
(131, 131, 131, '2013-07-24', 2147483647),
(132, 132, 132, '2013-07-25', 2147483647),
(133, 133, 133, '2013-07-26', 2147483647),
(134, 134, 134, '2013-07-27', 2147483647),
(135, 135, 135, '2013-07-28', 2147483647),
(136, 136, 136, '2013-07-29', 2147483647),
(137, 137, 137, '2013-07-30', 2147483647),
(138, 138, 138, '2013-07-31', 2147483647),
(139, 139, 139, '2013-08-01', 2147483647),
(140, 140, 140, '2013-08-02', 2147483647),
(141, 141, 141, '2013-08-03', 2147483647),
(142, 142, 142, '2013-08-04', 2147483647),
(143, 143, 143, '2013-08-05', 2147483647),
(144, 144, 144, '2013-08-06', 2147483647),
(145, 145, 145, '2013-08-07', 2147483647),
(146, 146, 146, '2013-08-08', 2147483647),
(147, 147, 147, '2013-08-09', 2147483647),
(148, 148, 148, '2013-08-10', 2147483647),
(149, 149, 149, '2013-08-11', 2147483647),
(150, 150, 150, '2013-08-12', 2147483647),
(151, 151, 151, '2013-08-13', 2147483647),
(152, 152, 152, '2013-08-14', 2147483647),
(153, 153, 153, '2013-09-14', 2147483647),
(154, 154, 154, '2013-09-15', 2147483647),
(155, 155, 155, '2013-09-16', 2147483647),
(156, 156, 156, '2013-09-17', 2147483647),
(157, 157, 157, '2013-09-18', 2147483647),
(158, 158, 158, '2013-09-19', 2147483647),
(159, 159, 159, '2013-09-20', 2147483647),
(160, 160, 160, '2013-09-21', 2147483647),
(161, 161, 161, '2013-09-22', 2147483647),
(162, 162, 162, '2013-09-23', 2147483647),
(163, 163, 163, '2013-09-24', 2147483647),
(164, 164, 164, '2013-09-25', 2147483647),
(165, 165, 165, '2013-09-26', 2147483647),
(166, 166, 166, '2013-09-27', 2147483647),
(167, 167, 167, '2013-09-28', 2147483647),
(168, 168, 168, '2013-09-29', 2147483647),
(169, 169, 169, '2013-09-30', 2147483647),
(170, 170, 170, '2013-10-01', 2147483647),
(171, 171, 171, '2014-01-01', 2147483647),
(172, 172, 172, '2014-01-02', 2147483647),
(173, 173, 173, '2014-01-03', 2147483647),
(174, 174, 174, '2014-01-04', 2147483647),
(175, 175, 175, '2014-01-05', 2147483647),
(176, 176, 176, '2014-01-06', 2147483647),
(177, 177, 177, '2014-01-07', 2147483647),
(178, 178, 178, '2014-01-08', 2147483647),
(179, 179, 179, '2014-01-09', 2147483647),
(180, 180, 180, '2014-01-10', 2147483647),
(181, 181, 181, '2014-01-11', 2147483647),
(182, 182, 182, '2014-01-12', 2147483647),
(183, 183, 183, '2014-01-13', 2147483647),
(184, 184, 184, '2014-01-14', 2147483647),
(185, 185, 185, '2014-01-15', 2147483647),
(186, 186, 186, '2014-01-16', 2147483647),
(187, 187, 187, '2014-01-17', 2147483647),
(188, 188, 188, '2014-01-18', 2147483647),
(189, 189, 189, '2014-01-19', 2147483647),
(190, 190, 190, '2014-01-20', 2147483647),
(191, 191, 191, '2014-01-21', 2147483647),
(192, 192, 192, '2014-01-22', 2147483647),
(193, 193, 193, '2014-01-23', 2147483647),
(194, 194, 194, '2014-01-24', 2147483647),
(195, 195, 195, '2014-01-25', 2147483647),
(196, 196, 196, '2014-01-26', 2147483647),
(197, 197, 197, '2014-01-27', 2147483647),
(198, 198, 198, '2014-01-28', 2147483647),
(199, 199, 199, '2014-01-29', 2147483647),
(200, 200, 200, '2014-04-29', 2147483647),
(201, 201, 201, '2014-04-30', 2147483647),
(202, 202, 202, '2014-05-01', 2147483647),
(203, 203, 203, '2014-05-02', 2147483647),
(204, 204, 204, '2014-05-03', 2147483647),
(205, 205, 205, '2014-05-04', 2147483647),
(206, 206, 206, '2014-05-05', 2147483647),
(207, 207, 207, '2014-05-06', 2147483647),
(208, 208, 208, '2014-05-07', 2147483647),
(209, 209, 209, '2014-05-08', 2147483647),
(210, 210, 210, '2014-05-09', 2147483647),
(211, 211, 211, '2014-05-10', 2147483647),
(212, 212, 212, '2014-05-11', 2147483647),
(213, 213, 213, '2014-05-12', 2147483647),
(214, 214, 214, '2014-05-13', 2147483647),
(215, 215, 215, '2014-05-14', 2147483647),
(216, 216, 216, '2014-05-15', 2147483647),
(217, 217, 217, '2014-05-16', 2147483647),
(218, 218, 218, '2014-05-17', 2147483647),
(219, 219, 219, '2014-05-18', 2147483647),
(220, 220, 220, '2014-07-19', 2147483647),
(221, 221, 221, '2014-07-20', 2147483647),
(222, 222, 222, '2014-07-21', 2147483647),
(223, 223, 223, '2014-07-22', 2147483647),
(224, 224, 224, '2014-07-23', 2147483647),
(225, 225, 225, '2014-07-24', 2147483647),
(226, 226, 226, '2014-07-25', 2147483647),
(227, 227, 227, '2014-07-26', 2147483647),
(228, 228, 228, '2014-07-27', 2147483647),
(229, 229, 229, '2014-07-28', 2147483647),
(230, 230, 230, '2014-07-29', 2147483647),
(231, 231, 231, '2014-07-30', 2147483647),
(232, 232, 232, '2014-07-31', 2147483647),
(233, 233, 233, '2014-08-01', 2147483647),
(234, 234, 234, '2014-08-02', 2147483647),
(235, 235, 235, '2014-08-03', 2147483647),
(236, 236, 236, '2014-08-04', 2147483647),
(237, 237, 237, '2014-08-05', 2147483647),
(238, 238, 238, '2014-08-06', 2147483647),
(239, 239, 239, '2014-08-07', 2147483647),
(240, 240, 240, '2014-08-08', 2147483647),
(241, 241, 241, '2014-08-09', 2147483647),
(242, 242, 242, '2014-08-10', 2147483647),
(243, 243, 243, '2014-08-11', 2147483647),
(244, 244, 244, '2014-08-12', 2147483647),
(245, 245, 245, '2014-08-13', 2147483647),
(246, 246, 246, '2014-08-14', 2147483647),
(247, 247, 247, '2014-08-15', 2147483647),
(248, 248, 248, '2014-10-15', 2147483647),
(249, 249, 249, '2014-10-16', 2147483647),
(250, 250, 250, '2014-10-17', 2147483647),
(251, 251, 251, '2014-10-18', 2147483647),
(252, 252, 252, '2014-10-19', 2147483647),
(253, 253, 253, '2014-10-20', 2147483647),
(254, 254, 254, '2014-10-21', 2147483647),
(255, 255, 255, '2014-10-22', 2147483647),
(256, 256, 256, '2014-10-23', 2147483647),
(257, 257, 257, '2014-10-24', 2147483647),
(258, 258, 258, '2014-10-25', 2147483647),
(259, 259, 259, '2014-10-26', 2147483647),
(260, 260, 260, '2014-10-27', 2147483647),
(261, 261, 261, '2014-10-28', 2147483647),
(262, 262, 262, '2014-10-29', 2147483647),
(263, 263, 263, '2014-10-30', 2147483647),
(264, 264, 264, '2014-10-31', 2147483647),
(265, 265, 265, '2014-11-01', 2147483647),
(266, 266, 266, '2014-11-02', 2147483647),
(267, 267, 267, '2015-01-03', 2147483647),
(268, 268, 268, '2015-01-04', 2147483647),
(269, 269, 269, '2015-01-05', 2147483647),
(270, 270, 270, '2015-01-06', 2147483647),
(271, 271, 271, '2015-01-07', 2147483647),
(272, 272, 272, '2015-01-08', 2147483647),
(273, 273, 273, '2015-01-09', 2147483647),
(274, 274, 274, '2015-01-10', 2147483647),
(275, 275, 275, '2015-01-11', 2147483647),
(276, 276, 276, '2015-01-12', 2147483647),
(277, 277, 277, '2015-01-13', 2147483647),
(278, 278, 278, '2015-01-14', 2147483647),
(279, 279, 279, '2015-01-15', 2147483647),
(280, 280, 280, '2015-01-16', 2147483647),
(281, 281, 281, '2015-01-17', 2147483647),
(282, 282, 282, '2015-01-18', 2147483647),
(283, 283, 283, '2015-01-19', 2147483647),
(284, 284, 284, '2015-01-20', 2147483647),
(285, 285, 285, '2015-01-21', 2147483647),
(286, 286, 286, '2015-01-22', 2147483647),
(287, 287, 287, '2015-01-23', 2147483647),
(288, 288, 288, '2015-01-24', 2147483647),
(289, 289, 289, '2015-01-25', 2147483647),
(290, 290, 290, '2015-01-26', 2147483647),
(291, 291, 291, '2015-01-27', 2147483647),
(292, 292, 292, '2015-01-28', 2147483647),
(293, 293, 293, '2015-01-29', 2147483647),
(294, 294, 294, '2015-01-30', 2147483647),
(295, 295, 295, '2015-01-31', 2147483647),
(296, 296, 296, '2015-02-01', 2147483647),
(297, 297, 297, '2015-02-02', 2147483647),
(298, 298, 298, '2015-02-03', 2147483647),
(299, 299, 299, '2015-04-04', 2147483647),
(300, 300, 300, '2015-04-05', 2147483647),
(301, 301, 301, '2015-04-06', 2147483647),
(302, 302, 302, '2015-04-07', 2147483647),
(303, 303, 303, '2015-04-08', 2147483647),
(304, 304, 304, '2015-04-09', 2147483647),
(305, 305, 305, '2015-04-10', 2147483647),
(306, 306, 306, '2015-04-11', 2147483647),
(307, 307, 307, '2015-04-12', 2147483647),
(308, 308, 308, '2015-04-13', 2147483647),
(309, 309, 309, '2015-04-14', 2147483647),
(310, 310, 310, '2015-04-15', 2147483647),
(311, 311, 311, '2015-04-16', 2147483647),
(312, 312, 312, '2015-04-17', 2147483647),
(313, 313, 313, '2015-04-18', 2147483647),
(314, 314, 314, '2015-04-19', 2147483647),
(315, 315, 315, '2015-04-20', 2147483647),
(316, 316, 316, '2015-04-21', 2147483647),
(317, 317, 317, '2015-04-22', 2147483647),
(318, 318, 318, '2015-04-23', 2147483647),
(319, 319, 319, '2015-04-24', 2147483647),
(320, 320, 320, '2015-04-25', 2147483647),
(321, 321, 321, '2015-07-26', 2147483647),
(322, 322, 322, '2015-07-27', 2147483647),
(323, 323, 323, '2015-07-28', 2147483647),
(324, 324, 324, '2015-07-29', 2147483647),
(325, 325, 325, '2015-07-30', 2147483647),
(326, 326, 326, '2015-07-31', 2147483647),
(327, 327, 327, '2015-08-01', 2147483647),
(328, 328, 328, '2015-08-02', 2147483647),
(329, 329, 329, '2015-08-03', 2147483647),
(330, 330, 330, '2015-08-04', 2147483647),
(331, 331, 331, '2015-08-05', 2147483647),
(332, 332, 332, '2015-08-06', 2147483647),
(333, 333, 333, '2015-08-07', 2147483647),
(334, 334, 334, '2015-08-08', 2147483647),
(335, 335, 335, '2015-08-09', 2147483647),
(336, 336, 336, '2015-08-10', 2147483647),
(337, 337, 337, '2015-08-11', 2147483647),
(338, 338, 338, '2015-08-12', 2147483647),
(339, 339, 339, '2015-08-13', 2147483647),
(340, 340, 340, '2015-08-14', 2147483647),
(341, 341, 341, '2015-08-15', 2147483647),
(342, 342, 342, '2015-08-16', 2147483647),
(343, 343, 343, '2015-08-17', 2147483647),
(344, 344, 344, '2015-08-18', 2147483647),
(345, 345, 345, '2015-08-19', 2147483647),
(346, 346, 346, '2015-08-20', 2147483647),
(347, 347, 347, '2015-08-21', 2147483647),
(348, 348, 348, '2015-08-22', 2147483647),
(349, 349, 349, '2015-08-23', 2147483647),
(350, 350, 350, '2015-08-24', 2147483647),
(351, 351, 351, '2015-08-25', 2147483647),
(352, 352, 352, '2015-08-26', 2147483647),
(353, 353, 353, '2015-08-27', 2147483647),
(354, 354, 354, '2015-08-28', 2147483647),
(355, 355, 355, '2015-10-29', 2147483647),
(356, 356, 356, '2015-10-30', 2147483647),
(357, 357, 357, '2015-10-31', 2147483647),
(358, 358, 358, '2015-11-01', 2147483647),
(359, 359, 359, '2015-11-02', 2147483647),
(360, 360, 360, '2015-11-03', 2147483647),
(361, 361, 361, '2015-11-04', 2147483647),
(362, 362, 362, '2015-11-05', 2147483647),
(363, 363, 363, '2015-11-06', 2147483647),
(364, 364, 364, '2015-11-07', 2147483647),
(365, 365, 365, '2015-11-08', 2147483647),
(366, 366, 366, '2015-11-09', 2147483647),
(367, 367, 367, '2015-11-10', 2147483647),
(368, 368, 368, '2015-11-11', 2147483647),
(369, 369, 369, '2015-11-12', 2147483647),
(370, 370, 370, '2015-11-13', 2147483647),
(371, 371, 371, '2015-11-14', 2147483647),
(372, 372, 372, '2015-11-15', 2147483647),
(373, 373, 373, '2015-11-16', 2147483647),
(374, 374, 374, '2015-11-17', 2147483647),
(375, 375, 375, '2015-11-18', 2147483647),
(376, 376, 376, '2015-11-19', 2147483647),
(377, 377, 377, '2015-11-20', 2147483647),
(378, 378, 378, '2015-11-21', 2147483647),
(379, 379, 379, '2015-01-21', 2147483647),
(380, 380, 380, '2015-01-22', 2147483647),
(381, 381, 381, '2015-01-23', 2147483647),
(382, 382, 382, '2015-01-24', 2147483647),
(383, 383, 383, '2015-01-25', 2147483647),
(384, 384, 384, '2015-01-26', 2147483647),
(385, 385, 385, '2015-01-27', 2147483647),
(386, 386, 386, '2015-01-28', 2147483647),
(387, 387, 387, '2015-01-29', 2147483647),
(388, 388, 388, '2015-01-30', 2147483647),
(389, 389, 389, '2015-01-31', 2147483647),
(390, 390, 390, '2015-02-01', 2147483647),
(391, 391, 391, '2015-02-02', 2147483647),
(392, 392, 392, '2015-02-03', 2147483647),
(393, 393, 393, '2015-02-04', 2147483647),
(394, 394, 394, '2015-02-05', 2147483647),
(395, 395, 395, '2015-02-06', 2147483647),
(396, 396, 396, '2015-02-07', 2147483647),
(397, 397, 397, '2015-02-08', 2147483647),
(398, 398, 398, '2015-02-09', 2147483647),
(399, 399, 399, '2015-02-10', 2147483647),
(400, 400, 400, '2015-02-11', 2147483647),
(401, 401, 401, '2015-02-12', 2147483647),
(402, 402, 402, '2015-02-13', 2147483647),
(403, 403, 403, '2015-02-14', 2147483647),
(404, 404, 404, '2015-02-15', 2147483647),
(405, 405, 405, '2015-02-16', 2147483647),
(406, 406, 406, '2015-02-17', 2147483647),
(407, 407, 407, '2015-02-18', 2147483647),
(408, 408, 408, '2015-02-19', 2147483647),
(409, 409, 409, '2015-02-20', 2147483647),
(410, 410, 410, '2015-02-21', 2147483647),
(411, 411, 411, '2015-02-22', 2147483647),
(412, 412, 412, '2015-02-23', 2147483647),
(413, 413, 413, '2015-02-24', 2147483647),
(414, 414, 414, '2015-02-25', 2147483647),
(415, 415, 415, '2015-04-26', 2147483647),
(416, 416, 416, '2015-04-27', 2147483647),
(417, 417, 417, '2015-04-28', 2147483647),
(418, 418, 418, '2015-04-29', 2147483647),
(419, 419, 419, '2015-04-30', 2147483647),
(420, 420, 420, '2015-05-01', 2147483647),
(421, 421, 421, '2015-05-02', 2147483647),
(422, 422, 422, '2015-05-03', 2147483647),
(423, 423, 423, '2015-05-04', 2147483647),
(424, 424, 424, '2015-05-05', 2147483647),
(425, 425, 425, '2015-05-06', 2147483647),
(426, 426, 426, '2015-05-07', 2147483647),
(427, 427, 427, '2015-05-08', 2147483647),
(428, 428, 428, '2015-05-09', 2147483647),
(429, 429, 429, '2015-05-10', 2147483647),
(430, 430, 430, '2015-05-11', 2147483647),
(431, 431, 431, '2015-05-12', 2147483647),
(432, 432, 432, '2015-05-13', 2147483647),
(433, 433, 433, '2015-05-14', 2147483647),
(434, 434, 434, '2015-05-15', 2147483647),
(435, 435, 435, '2015-05-16', 2147483647),
(436, 436, 436, '2015-05-17', 2147483647),
(437, 437, 437, '2015-05-18', 2147483647),
(438, 438, 438, '2015-05-19', 2147483647),
(439, 439, 439, '2015-05-20', 2147483647),
(440, 440, 440, '2015-07-20', 2147483647),
(441, 441, 441, '2015-07-21', 2147483647),
(442, 442, 442, '2015-07-22', 2147483647),
(443, 443, 443, '2015-07-23', 2147483647),
(444, 444, 444, '2015-07-24', 2147483647),
(445, 445, 445, '2015-07-25', 2147483647),
(446, 446, 446, '2015-07-26', 2147483647),
(447, 447, 447, '2015-07-27', 2147483647),
(448, 448, 448, '2015-07-28', 2147483647),
(449, 449, 449, '2015-07-29', 2147483647),
(450, 450, 450, '2015-07-30', 2147483647),
(451, 451, 451, '2015-07-31', 2147483647),
(452, 452, 452, '2015-08-01', 2147483647),
(453, 453, 453, '2015-08-02', 2147483647),
(454, 454, 454, '2015-08-03', 2147483647),
(455, 455, 455, '2015-08-04', 2147483647),
(456, 456, 456, '2015-08-05', 2147483647),
(457, 457, 457, '2015-08-06', 2147483647),
(458, 458, 458, '2015-08-07', 2147483647),
(459, 459, 459, '2015-08-08', 2147483647),
(460, 460, 460, '2015-08-09', 2147483647),
(461, 461, 461, '2015-08-10', 2147483647),
(462, 462, 462, '2015-08-11', 2147483647),
(463, 463, 463, '2015-08-12', 2147483647),
(464, 464, 464, '2015-08-13', 2147483647),
(465, 465, 465, '2015-08-14', 2147483647),
(466, 466, 466, '2015-08-15', 2147483647),
(467, 467, 467, '2015-08-16', 2147483647),
(468, 468, 468, '2015-08-17', 2147483647),
(469, 469, 469, '2015-08-18', 2147483647),
(470, 470, 470, '2015-08-19', 2147483647),
(471, 471, 471, '2015-08-20', 2147483647),
(472, 472, 472, '2015-08-21', 2147483647),
(473, 473, 473, '2015-08-22', 2147483647),
(474, 474, 474, '2015-08-23', 2147483647),
(475, 475, 475, '2015-08-24', 2147483647),
(476, 476, 476, '2015-08-25', 2147483647),
(477, 477, 477, '2015-08-26', 2147483647),
(478, 478, 478, '2015-10-27', 2147483647),
(479, 479, 479, '2015-10-28', 2147483647),
(480, 480, 480, '2015-10-29', 2147483647),
(481, 481, 481, '2015-10-30', 2147483647),
(482, 482, 482, '2015-10-31', 2147483647),
(483, 483, 483, '2015-11-01', 2147483647),
(484, 484, 484, '2015-11-02', 2147483647),
(485, 485, 485, '2015-11-03', 2147483647),
(486, 486, 486, '2015-11-04', 2147483647),
(487, 487, 487, '2015-11-05', 2147483647),
(488, 488, 488, '2015-11-06', 2147483647),
(489, 489, 489, '2015-11-07', 2147483647),
(490, 490, 490, '2015-11-08', 2147483647),
(491, 491, 491, '2015-11-09', 2147483647),
(492, 492, 492, '2015-11-10', 2147483647),
(493, 493, 493, '2015-11-11', 2147483647),
(494, 494, 494, '2015-11-12', 2147483647),
(495, 495, 495, '2015-11-13', 2147483647),
(496, 496, 496, '2015-11-14', 2147483647),
(497, 497, 497, '2015-11-15', 2147483647),
(498, 498, 498, '2015-11-16', 2147483647),
(499, 499, 499, '2015-11-17', 2147483647),
(500, 500, 500, '2015-11-18', 2147483647),
(501, 501, 501, '2015-11-19', 2147483647),
(502, 502, 502, '2015-11-20', 2147483647),
(503, 503, 503, '2015-11-21', 2147483647),
(504, 504, 504, '2016-01-22', 2147483647),
(505, 505, 505, '2016-01-23', 2147483647),
(506, 506, 506, '2016-01-24', 2147483647),
(507, 507, 507, '2016-01-25', 2147483647),
(508, 508, 508, '2016-01-26', 2147483647),
(509, 509, 509, '2016-01-27', 2147483647),
(510, 510, 510, '2016-01-28', 2147483647);

-- --------------------------------------------------------

--
-- Struktur dari tabel `tb_peramalan`
--

CREATE TABLE IF NOT EXISTS `tb_peramalan` (
  `id_peramalan` int(11) NOT NULL,
  `id_penjualan` int(11) NOT NULL,
  `jenis_tipe` varchar(12) NOT NULL,
  `tanggal_peramalan` date NOT NULL,
  `tanggal_awal` date NOT NULL,
  `tanggal_akhir` date NOT NULL,
  `hasil` int(12) NOT NULL,
  `tingkat_error` int(3) NOT NULL
) ENGINE=InnoDB DEFAULT CHARSET=latin1;

-- --------------------------------------------------------

--
-- Struktur dari tabel `tb_suplie`
--

CREATE TABLE IF NOT EXISTS `tb_suplie` (
  `id_suplie` int(11) NOT NULL,
  `id_mobil` int(11) NOT NULL,
  `id_user` varchar(11) NOT NULL,
  `tanggal_pengiriman` date NOT NULL,
  `alamat_kiriman` varchar(120) NOT NULL
) ENGINE=InnoDB AUTO_INCREMENT=16 DEFAULT CHARSET=latin1;

--
-- Dumping data untuk tabel `tb_suplie`
--

INSERT INTO `tb_suplie` (`id_suplie`, `id_mobil`, `id_user`, `tanggal_pengiriman`, `alamat_kiriman`) VALUES
(1, 1, '13443', '2018-12-10', 'tegal'),
(2, 2, '13443', '2018-12-10', 'tegal'),
(3, 3, '13443', '2018-12-10', 'tegal'),
(4, 4, '13443', '2018-12-10', 'tegal'),
(5, 5, '13443', '2018-12-10', 'tegal'),
(6, 6, '13443', '2018-12-05', 'tegal'),
(7, 7, '13443', '2018-12-05', 'tegal'),
(8, 8, '13443', '2018-12-05', 'tegal'),
(9, 9, '13443', '2018-12-05', 'tegal'),
(10, 10, '13443', '2018-12-05', 'tegal'),
(11, 11, '13443', '2018-12-05', 'tegal'),
(12, 12, '13443', '2018-12-05', 'tegal'),
(13, 13, '13443', '2018-12-05', 'tegal'),
(14, 14, '13443', '2018-12-05', 'tegal'),
(15, 15, '13443', '2018-12-05', 'tegal');

-- --------------------------------------------------------

--
-- Struktur dari tabel `user`
--

CREATE TABLE IF NOT EXISTS `user` (
  `id` varchar(11) NOT NULL,
  `nama` varchar(40) NOT NULL,
  `username` varchar(100) NOT NULL,
  `password` varchar(100) NOT NULL,
  `bagian` varchar(100) NOT NULL,
  `nip` varchar(100) NOT NULL,
  `gambar` varchar(25) NOT NULL
) ENGINE=InnoDB DEFAULT CHARSET=latin1;

--
-- Dumping data untuk tabel `user`
--

INSERT INTO `user` (`id`, `nama`, `username`, `password`, `bagian`, `nip`, `gambar`) VALUES
('12132', 'Muhammad Daniel Apriansyah', 'daniel', '21232f297a57a5a743894a0e4a801fc3', 'administrasi', '13540239', ''),
('13443', 'riansyah', 'gudang', '202446dd1d6028084426867365b0c7a1', 'gudang', '34637545', ''),
('43743878', 'prian', 'leasing', 'ae14c21d807ec17e583ca3b6c2097de5', 'leasing', '264376438', '');

--
-- Indexes for dumped tables
--

--
-- Indexes for table `tb_mobil`
--
ALTER TABLE `tb_mobil`
  ADD PRIMARY KEY (`id_mobil`);

--
-- Indexes for table `tb_pelanggan`
--
ALTER TABLE `tb_pelanggan`
  ADD PRIMARY KEY (`id_pelanggan`), ADD UNIQUE KEY `no_ktp` (`no_ktp`);

--
-- Indexes for table `tb_pemesanan`
--
ALTER TABLE `tb_pemesanan`
  ADD PRIMARY KEY (`id_pemesanan`), ADD UNIQUE KEY `id_mobil` (`id_mobil`);

--
-- Indexes for table `tb_penjualan`
--
ALTER TABLE `tb_penjualan`
  ADD PRIMARY KEY (`id_penjualan`), ADD UNIQUE KEY `id_pemesanan` (`id_pemesanan`), ADD UNIQUE KEY `id_mobil` (`id_mobil`);

--
-- Indexes for table `tb_peramalan`
--
ALTER TABLE `tb_peramalan`
  ADD PRIMARY KEY (`id_peramalan`);

--
-- Indexes for table `tb_suplie`
--
ALTER TABLE `tb_suplie`
  ADD PRIMARY KEY (`id_suplie`);

--
-- Indexes for table `user`
--
ALTER TABLE `user`
  ADD PRIMARY KEY (`id`);

--
-- AUTO_INCREMENT for dumped tables
--

--
-- AUTO_INCREMENT for table `tb_mobil`
--
ALTER TABLE `tb_mobil`
  MODIFY `id_mobil` int(11) NOT NULL AUTO_INCREMENT,AUTO_INCREMENT=16;
--
-- AUTO_INCREMENT for table `tb_pelanggan`
--
ALTER TABLE `tb_pelanggan`
  MODIFY `id_pelanggan` int(11) NOT NULL AUTO_INCREMENT,AUTO_INCREMENT=7;
--
-- AUTO_INCREMENT for table `tb_pemesanan`
--
ALTER TABLE `tb_pemesanan`
  MODIFY `id_pemesanan` int(11) NOT NULL AUTO_INCREMENT,AUTO_INCREMENT=9;
--
-- AUTO_INCREMENT for table `tb_penjualan`
--
ALTER TABLE `tb_penjualan`
  MODIFY `id_penjualan` int(11) NOT NULL AUTO_INCREMENT,AUTO_INCREMENT=511;
--
-- AUTO_INCREMENT for table `tb_peramalan`
--
ALTER TABLE `tb_peramalan`
  MODIFY `id_peramalan` int(11) NOT NULL AUTO_INCREMENT;
--
-- AUTO_INCREMENT for table `tb_suplie`
--
ALTER TABLE `tb_suplie`
  MODIFY `id_suplie` int(11) NOT NULL AUTO_INCREMENT,AUTO_INCREMENT=16;
/*!40101 SET CHARACTER_SET_CLIENT=@OLD_CHARACTER_SET_CLIENT */;
/*!40101 SET CHARACTER_SET_RESULTS=@OLD_CHARACTER_SET_RESULTS */;
/*!40101 SET COLLATION_CONNECTION=@OLD_COLLATION_CONNECTION */;
